10RP,c2,c4,c6,c8,c10,c12,c14,c16,c18,c20,c22,c24,c26,c28
v9,F2E2E3,FFDBDE,FFD3D9, , , , , , , , , , , 
v8,D7C6C8,EAC0C3,FBB9C0,FFB1BC,FFA9B8, , , , , , , , , 
v7,BEABAC,CEA5A9,DE9FA6,EE97A2,FC909F,FF859C,FF7B9A,FF6E97, , , , , , 
v6,A49092,B48A8F,C4848C,D07D89,DE7587,EB6B84,F76183,FF5280,FF417F, , , , , 
v5,8B7678,9B7075,A96973,B76170,C3586E,D04C6D,DA406C,E62D6A, , , , , , 
v4,735B5F,81555C,8E4E5A,9B4559,A63B58,B12D57,BC1756, , , , , , , 
v3,5B4246,683B45,743343,802843,8B1742, , , , , , , , , 
v2,412C32,4C2533,551E34,5F1036, , , , , , , , , , 
v1,2C1620,350F23,3C0325, , , , , , , , , , , 
