2.5Y,c2,c4,c6,c8,c10,c12,c14,c16,c18,c20,c22,c24,c26,c28
v9,F1E5C7,FBE4AC,FFE292,FFE177,FFE05A,FFDE34, , , , , , , , 
v8,D6C9AE,DFC896,E8C77C,EFC561,F6C442,FBC30A, , , , , , , , 
v7,BBAE95,C5AD7D,CDAB63,D4AA48,D9A923, , , , , , , , , 
v6,A0947C,AA9264,B2914A,B88F2C, , , , , , , , , , 
v5,867964,8F784B,977630,9C750D, , , , , , , , , , 
v4,6C604A,755E33,7B5D1A, , , , , , , , , , , 
v3,524734,5A461F, , , , , , , , , , , , 
v2,3A3020,412E07, , , , , , , , , , , , 
v1,261B07, , , , , , , , , , , , , 
